PT	PT_enc	Cvas	Card	Cred
abnormal precordial movement	PT_00096	1	1	1
accelerated hypertension	PT_00157	1	0	0
accelerated idioventricular rhythm	PT_00158	1	1	1
acquired cardiac septal defect	PT_00231	1	1	1
acquired coronary artery fistula	PT_00236	1	1	1
acquired left ventricle outflow tract obstruction	PT_00259	1	1	1
acquired right ventricle outflow obstruction	PT_00273	1	1	1
activated partial thromboplastin time abnormal	PT_00310	1	0	0
activated partial thromboplastin time prolonged	PT_00311	1	0	0
activated partial thromboplastin time ratio abnormal	PT_00313	1	0	0
activated partial thromboplastin time ratio decreased	PT_00314	1	0	0
activated partial thromboplastin time ratio increased	PT_00315	1	0	0
activated partial thromboplastin time shortened	PT_00316	1	0	0
activated protein c resistance test positive	PT_00319	1	0	0
acute cardiac event	PT_00328	1	1	1
acute coronary syndrome	PT_00331	1	1	1
acute left ventricular failure	PT_00358	1	1	1
acute myocardial infarction	PT_00376	1	1	1
acute pulmonary oedema	PT_00390	1	1	1
acute right ventricular failure	PT_00393	1	1	1
adams-stokes syndrome	PT_00400	1	1	1
adamts13 activity abnormal	PT_00401	1	0	0
adamts13 activity decreased	PT_00403	1	0	0
adamts13 activity increased	PT_00404	1	0	0
agonal rhythm	PT_00629	1	1	1
alveolar capillary dysplasia	PT_00813	1	0	0
anaesthetic complication cardiac	PT_00928	1	1	1
angina pectoris	PT_01052	1	1	1
angina unstable	PT_01053	1	1	1
anginal equivalent	PT_01054	1	1	1
anomalous atrioventricular excitation	PT_01145	1	1	1
anterior segment ischaemia	PT_01203	1	0	0
anti factor x activity abnormal	PT_01222	1	0	0
anti factor x activity decreased	PT_01223	1	0	0
anti factor x activity increased	PT_01224	1	0	0
anti factor xa activity decreased	PT_01228	1	0	0
antithrombin iii abnormal	PT_01394	1	0	0
antithrombin iii decreased	PT_01395	1	0	0
antithrombin iii increased	PT_01397	1	0	0
aortic aneurysm thrombosis	PT_01416	1	0	0
aortic arteriosclerosis	PT_01418	1	0	0
aortic occlusion	PT_01429	1	0	0
aortic restenosis	PT_01432	1	0	0
aortic root compression	PT_01433	1	0	0
aortic stenosis	PT_01436	1	0	0
aortic thrombosis	PT_01439	1	0	0
aorto-cardiac fistula	PT_01458	1	1	1
arrhythmia	PT_01629	1	1	1
arrhythmia neonatal	PT_01631	1	1	1
arrhythmia supraventricular	PT_01632	1	1	1
arrhythmic storm	PT_01633	1	1	1
arrhythmogenic right ventricular dysplasia	PT_01634	1	1	1
arteriogram coronary abnormal	PT_01678	1	1	0
arteriosclerosis coronary artery	PT_01682	1	1	1
arteriospasm coronary	PT_01685	1	1	1
arteritis coronary	PT_01710	1	1	1
ascites	PT_01757	1	1	1
athletic heart syndrome	PT_01833	1	1	1
atrial conduction time prolongation	PT_01843	1	1	1
atrial enlargement	PT_01844	1	1	1
atrial escape rhythm	PT_01845	1	1	1
atrial fibrillation	PT_01846	1	1	1
atrial flutter	PT_01847	1	1	1
atrial hypertrophy	PT_01848	1	1	1
atrial pressure increased	PT_01854	1	1	0
atrial rupture	PT_01855	1	1	1
atrial septal defect acquired	PT_01857	1	1	1
atrial standstill	PT_01859	1	1	1
atrial tachycardia	PT_01861	1	1	1
atrial thrombosis	PT_01862	1	1	1
atrio-oesophageal fistula	PT_01863	1	1	1
atrioventricular block	PT_01864	1	1	1
atrioventricular block complete	PT_01865	1	1	1
atrioventricular block first degree	PT_01866	1	1	1
atrioventricular block second degree	PT_01867	1	1	1
atrioventricular conduction time shortened	PT_01868	1	1	1
atrioventricular dissociation	PT_01869	1	1	1
atrioventricular node dispersion	PT_01870	1	1	1
atrioventricular node dysfunction	PT_01871	1	1	1
axillary vein thrombosis	PT_01980	1	0	0
bezold-jarisch reflex	PT_02271	1	1	1
bifascicular block	PT_02276	1	1	1
biopsy heart abnormal	PT_02391	1	1	0
bleeding time abnormal	PT_02584	1	0	0
bleeding time prolonged	PT_02586	1	0	0
bleeding time shortened	PT_02587	1	0	0
blood fibrinogen abnormal	PT_02773	1	0	0
blood fibrinogen decreased	PT_02774	1	0	0
blood fibrinogen increased	PT_02775	1	0	0
blood pressure abnormal	PT_02913	1	0	0
blood pressure ambulatory abnormal	PT_02915	1	0	0
blood pressure ambulatory decreased	PT_02916	1	0	0
blood pressure ambulatory increased	PT_02917	1	0	0
blood pressure decreased	PT_02918	1	0	0
blood pressure diastolic abnormal	PT_02920	1	0	0
blood pressure diastolic decreased	PT_02921	1	0	0
blood pressure diastolic increased	PT_02922	1	0	0
blood pressure difference of extremities	PT_02924	1	0	0
blood pressure fluctuation	PT_02925	1	0	0
blood pressure inadequately controlled	PT_02927	1	0	0
blood pressure increased	PT_02928	1	0	0
blood pressure systolic abnormal	PT_02937	1	0	0
blood pressure systolic decreased	PT_02938	1	0	0
blood pressure systolic increased	PT_02939	1	0	0
blood pressure systolic inspiratory decreased	PT_02940	1	0	0
blood smear test abnormal	PT_02959	1	0	0
blood thrombin abnormal	PT_02981	1	0	0
blood thrombin decreased	PT_02982	1	0	0
blood thrombin increased	PT_02983	1	0	0
blood thromboplastin abnormal	PT_02985	1	0	0
blood thromboplastin decreased	PT_02986	1	0	0
blood thromboplastin increased	PT_02987	1	0	0
blue toe syndrome	PT_03027	1	0	0
bone marrow ischaemia	PT_03104	1	0	0
bone marrow necrosis	PT_03107	1	0	0
brachial pulse abnormal	PT_03158	1	1	0
brachial pulse increased	PT_03159	1	1	0
brachiocephalic arteriosclerosis	PT_03160	1	0	0
brachiocephalic artery occlusion	PT_03161	1	0	0
brachiocephalic artery stenosis	PT_03162	1	0	0
brachiocephalic vein occlusion	PT_03163	1	0	0
brachiocephalic vein stenosis	PT_03164	1	0	0
brachiocephalic vein thrombosis	PT_03165	1	0	0
bradyarrhythmia	PT_03177	1	1	1
bradycardia	PT_03178	1	1	1
bradycardia foetal	PT_03179	1	1	1
bradycardia neonatal	PT_03180	1	1	1
brash syndrome	PT_03235	1	1	1
brugada syndrome	PT_03413	1	1	1
bundle branch block	PT_03430	1	1	1
bundle branch block bilateral	PT_03431	1	1	1
bundle branch block left	PT_03432	1	1	1
bundle branch block right	PT_03433	1	1	1
capillary fragility abnormal	PT_03574	1	0	0
capillary fragility decreased	PT_03575	1	0	0
capillary fragility increased	PT_03576	1	0	0
capillary leak syndrome	PT_03578	1	0	0
capillary nail refill test abnormal	PT_03580	1	0	0
capillary permeability increased	PT_03582	1	0	0
cardiac amyloidosis	PT_03654	1	1	1
cardiac aneurysm	PT_03655	1	0	0
cardiac arrest	PT_03657	1	1	1
cardiac arrest neonatal	PT_03658	1	1	1
cardiac asthma	PT_03660	1	1	1
cardiac autonomic neuropathy	PT_03661	1	1	1
cardiac cirrhosis	PT_03662	1	1	1
cardiac contractility decreased	PT_03665	1	1	1
cardiac contusion	PT_03667	1	1	1
cardiac death	PT_03668	1	1	1
cardiac discomfort	PT_03671	1	1	1
cardiac disorder	PT_03672	1	1	1
cardiac dysfunction	PT_03673	1	1	1
cardiac electrophysiologic study abnormal	PT_03675	1	1	0
cardiac failure	PT_03676	1	1	1
cardiac failure acute	PT_03677	1	1	1
cardiac failure chronic	PT_03678	1	1	1
cardiac failure congestive	PT_03679	1	1	1
cardiac failure high output	PT_03680	1	1	1
cardiac fibrillation	PT_03681	1	1	1
cardiac flutter	PT_03683	1	1	1
cardiac function test abnormal	PT_03686	1	1	0
cardiac hypertrophy	PT_03691	1	1	1
cardiac imaging procedure abnormal	PT_03693	1	1	0
cardiac index abnormal	PT_03695	1	1	0
cardiac index decreased	PT_03696	1	1	0
cardiac index increased	PT_03697	1	1	0
cardiac iron overload	PT_03699	1	1	1
cardiac monitoring abnormal	PT_03703	1	1	0
cardiac murmur	PT_03704	1	1	0
cardiac murmur functional	PT_03705	1	1	0
cardiac output decreased	PT_03712	1	1	0
cardiac output increased	PT_03713	1	1	0
cardiac pseudoaneurysm	PT_03723	1	0	0
cardiac sarcoidosis	PT_03726	1	1	1
cardiac septal hypertrophy	PT_03730	1	0	0
cardiac steatosis	PT_03731	1	1	1
cardiac stress test abnormal	PT_03733	1	1	0
cardiac tamponade	PT_03735	1	1	1
cardiac telemetry abnormal	PT_03737	1	1	0
cardiac vein dissection	PT_03750	1	0	0
cardiac vein perforation	PT_03751	1	0	0
cardiac ventricular disorder	PT_03752	1	1	1
cardiac ventricular scarring	PT_03753	1	1	1
cardiac ventricular thrombosis	PT_03754	1	1	1
cardiac ventriculogram abnormal	PT_03756	1	1	0
cardiac ventriculogram left abnormal	PT_03758	1	1	0
cardiac ventriculogram right abnormal	PT_03759	1	1	0
cardio-respiratory arrest	PT_03760	1	1	1
cardio-respiratory arrest neonatal	PT_03761	1	1	1
cardio-respiratory distress	PT_03762	1	1	1
cardiogenic shock	PT_03769	1	1	1
cardiohepatic syndrome	PT_03770	1	1	1
cardiomegaly	PT_03773	1	1	1
cardiomyopathy	PT_03774	1	1	1
cardiomyopathy acute	PT_03775	1	1	1
cardiomyopathy alcoholic	PT_03776	1	1	1
cardiomyopathy neonatal	PT_03777	1	1	1
cardiopulmonary failure	PT_03783	1	1	1
cardiorenal syndrome	PT_03784	1	1	1
cardiothoracic ratio increased	PT_03787	1	1	0
cardiotoxicity	PT_03788	1	1	1
cardiovascular deconditioning	PT_03790	1	1	1
cardiovascular disorder	PT_03791	1	1	1
cardiovascular function test abnormal	PT_03797	1	0	0
cardiovascular insufficiency	PT_03798	1	1	1
cardiovascular somatic symptom disorder	PT_03799	1	1	1
cardiovascular symptom	PT_03800	1	1	1
carotid pulse abnormal	PT_03837	1	1	0
carotid pulse decreased	PT_03838	1	1	0
carotid pulse increased	PT_03839	1	1	0
catheterisation cardiac abnormal	PT_03935	1	1	0
catheterisation cardiac normal	PT_03936	1	1	0
cement embolism	PT_03995	1	0	0
central venous pressure abnormal	PT_04032	1	0	0
central venous pressure decreased	PT_04033	1	0	0
central venous pressure increased	PT_04034	1	0	0
chagas' cardiomyopathy	PT_04215	1	1	1
chordae tendinae rupture	PT_04384	1	1	1
choroidal infarction	PT_04412	1	0	0
chronic coronary syndrome	PT_04435	1	1	1
chronic left ventricular failure	PT_04462	1	1	1
chronic myocarditis	PT_04483	1	1	1
chronic right ventricular failure	PT_04494	1	1	1
chronotropic incompetence	PT_04501	1	1	1
circulatory collapse	PT_04523	1	0	0
circulatory failure neonatal	PT_04524	1	0	0
clot retraction abnormal	PT_04586	1	0	0
clot retraction time prolonged	PT_04587	1	0	0
clot retraction time shortened	PT_04588	1	0	0
coagulation factor decreased	PT_04598	1	0	0
coagulation factor increased	PT_04600	1	0	0
coagulation factor ix level abnormal	PT_04602	1	0	0
coagulation factor ix level decreased	PT_04603	1	0	0
coagulation factor ix level increased	PT_04604	1	0	0
coagulation factor v level abnormal	PT_04607	1	0	0
coagulation factor v level decreased	PT_04608	1	0	0
coagulation factor v level increased	PT_04609	1	0	0
coagulation factor vii level abnormal	PT_04610	1	0	0
coagulation factor vii level decreased	PT_04611	1	0	0
coagulation factor vii level increased	PT_04612	1	0	0
coagulation factor viii level abnormal	PT_04614	1	0	0
coagulation factor viii level decreased	PT_04615	1	0	0
coagulation factor viii level increased	PT_04616	1	0	0
coagulation factor x level abnormal	PT_04617	1	0	0
coagulation factor x level decreased	PT_04618	1	0	0
coagulation factor x level increased	PT_04619	1	0	0
coagulation factor xi level decreased	PT_04621	1	0	0
coagulation factor xi level increased	PT_04622	1	0	0
coagulation factor xii level decreased	PT_04623	1	0	0
coagulation factor xiii level abnormal	PT_04624	1	0	0
coagulation factor xiii level decreased	PT_04625	1	0	0
coagulation factor xiii level increased	PT_04626	1	0	0
coagulation test abnormal	PT_04628	1	0	0
coagulation time abnormal	PT_04631	1	0	0
coagulation time prolonged	PT_04632	1	0	0
coagulation time shortened	PT_04633	1	0	0
coarctation of the aorta	PT_04635	1	0	0
coeliac artery occlusion	PT_04648	1	0	0
computerised tomogram heart abnormal	PT_04814	1	1	0
conduction disorder	PT_04835	1	1	1
cor pulmonale	PT_05190	1	1	1
cor pulmonale acute	PT_05191	1	1	1
cor pulmonale chronic	PT_05192	1	1	1
coronary artery aneurysm	PT_05253	1	0	0
coronary artery compression	PT_05255	1	1	1
coronary artery dilatation	PT_05256	1	1	1
coronary artery disease	PT_05257	1	0	0
coronary artery embolism	PT_05259	1	0	0
coronary artery insufficiency	PT_05260	1	1	1
coronary artery occlusion	PT_05261	1	0	0
coronary artery reocclusion	PT_05263	1	0	0
coronary artery restenosis	PT_05264	1	0	0
coronary artery stenosis	PT_05265	1	0	0
coronary artery thrombosis	PT_05268	1	0	0
coronary bypass stenosis	PT_05269	1	0	0
coronary bypass thrombosis	PT_05270	1	0	0
coronary no-reflow phenomenon	PT_05272	1	1	1
coronary ostial stenosis	PT_05273	1	0	0
coronary sinus dilatation	PT_05275	1	0	0
coronary sinus injury	PT_05276	1	0	0
coronary steal syndrome	PT_05277	1	1	1
coronary vascular graft occlusion	PT_05278	1	0	0
coronary vascular graft stenosis	PT_05279	1	0	0
coronary vein stenosis	PT_05280	1	0	0
ct hypotension complex	PT_05486	1	0	0
cushingoid	PT_05511	1	0	0
cyanosis	PT_05549	1	1	1
cyanosis central	PT_05550	1	1	1
decreased ventricular afterload	PT_05711	1	1	0
decreased ventricular preload	PT_05712	1	1	0
deep vein thrombosis	PT_05719	1	0	0
defect conduction intraventricular	PT_05723	1	1	1
dengue shock syndrome	PT_05800	1	0	0
diastolic dysfunction	PT_06095	1	1	1
diastolic hypertension	PT_06096	1	0	0
diastolic hypotension	PT_06097	1	0	0
dilatation atrial	PT_06138	1	1	1
dilatation of sinotubular junction	PT_06141	1	1	1
dilatation ventricular	PT_06142	1	1	1
dilated cardiomyopathy	PT_06143	1	1	1
dressler's syndrome	PT_06294	1	1	1
early repolarisation syndrome	PT_06542	1	1	1
ecg electrically inactive area	PT_06557	1	1	0
ecg p wave inverted	PT_06558	1	1	0
ecg signs of myocardial infarction	PT_06559	1	1	0
ecg signs of myocardial ischaemia	PT_06560	1	1	0
ecg signs of ventricular hypertrophy	PT_06561	1	1	0
echocardiogram abnormal	PT_06565	1	1	0
ectopic atrial rhythm	PT_06578	1	1	1
ejection fraction abnormal	PT_06622	1	1	0
ejection fraction decreased	PT_06623	1	1	0
electrocardiogram abnormal	PT_06639	1	1	0
electrocardiogram ambulatory abnormal	PT_06641	1	1	0
electrocardiogram delta waves abnormal	PT_06643	1	1	0
electrocardiogram j wave abnormal	PT_06646	1	1	0
electrocardiogram j wave increased	PT_06647	1	1	0
electrocardiogram p wave abnormal	PT_06652	1	1	0
electrocardiogram pr prolongation	PT_06656	1	1	0
electrocardiogram pr segment depression	PT_06657	1	1	0
electrocardiogram pr shortened	PT_06658	1	1	0
electrocardiogram q wave abnormal	PT_06659	1	1	0
electrocardiogram qrs complex abnormal	PT_06662	1	1	0
electrocardiogram qrs complex prolonged	PT_06663	1	1	0
electrocardiogram qrs complex shortened	PT_06664	1	1	0
electrocardiogram qt interval abnormal	PT_06666	1	1	0
electrocardiogram qt interval normal	PT_06667	1	1	0
electrocardiogram qt prolonged	PT_06668	1	1	0
electrocardiogram qt shortened	PT_06669	1	1	0
electrocardiogram r on t phenomenon	PT_06670	1	1	0
electrocardiogram repolarisation abnormality	PT_06671	1	1	0
electrocardiogram rr interval abnormal	PT_06672	1	1	0
electrocardiogram rr interval prolonged	PT_06673	1	1	0
electrocardiogram s1-s2-s3 pattern	PT_06674	1	1	0
electrocardiogram st segment abnormal	PT_06676	1	1	0
electrocardiogram st segment depression	PT_06677	1	1	0
electrocardiogram st segment elevation	PT_06678	1	1	0
electrocardiogram st-t change	PT_06679	1	1	0
electrocardiogram st-t segment abnormal	PT_06680	1	1	0
electrocardiogram st-t segment depression	PT_06681	1	1	0
electrocardiogram st-t segment elevation	PT_06682	1	1	0
electrocardiogram t wave abnormal	PT_06683	1	1	0
electrocardiogram t wave alternans	PT_06684	1	1	0
electrocardiogram t wave amplitude decreased	PT_06685	1	1	0
electrocardiogram t wave amplitude increased	PT_06686	1	1	0
electrocardiogram t wave inversion	PT_06688	1	1	0
electrocardiogram u wave inversion	PT_06691	1	1	0
electrocardiogram u-wave abnormality	PT_06693	1	1	0
embolic pneumonia	PT_06733	1	0	0
endocardial disease	PT_06801	1	1	1
endocardial fibroelastosis	PT_06802	1	1	1
endocardial fibrosis	PT_06803	1	1	1
endocardial varices	PT_06804	1	1	1
endocarditis	PT_06805	1	1	1
endocarditis fibroplastica	PT_06809	1	1	1
endocarditis histoplasma	PT_06811	1	1	1
endocarditis noninfective	PT_06812	1	1	1
eosinophilic myocarditis	PT_06990	1	1	1
essential hypertension	PT_07162	1	0	0
eustachian valve hypertrophy	PT_07176	1	1	1
exercise electrocardiogram abnormal	PT_07211	1	1	0
exercise test abnormal	PT_07214	1	1	0
extrasystoles	PT_07331	1	1	1
factor viii activity abnormal	PT_07474	1	0	0
factor viii activity decreased	PT_07475	1	0	0
factor viii activity increased	PT_07476	1	0	0
factor xa activity abnormal	PT_07481	1	0	0
factor xa activity decreased	PT_07482	1	0	0
factor xa activity increased	PT_07483	1	0	0
fascicular block	PT_07569	1	1	1
femoral artery embolism	PT_07645	1	0	0
femoral pulse abnormal	PT_07657	1	1	0
femoral pulse decreased	PT_07658	1	1	0
fibrin abnormal	PT_07674	1	0	0
fibrin d dimer decreased	PT_07676	1	0	0
fibrin d dimer increased	PT_07677	1	0	0
fibrin degradation products increased	PT_07680	1	0	0
fibrin increased	PT_07682	1	0	0
fibrinogen degradation products increased	PT_07683	1	0	0
fibrinolysis abnormal	PT_07685	1	0	0
fibrinolysis decreased	PT_07686	1	0	0
fibrinolysis increased	PT_07687	1	0	0
foetal arrhythmia	PT_07794	1	1	1
foetal cardiac arrest	PT_07798	1	1	1
foetal cardiac disorder	PT_07799	1	1	1
foetal heart rate acceleration abnormality	PT_07820	1	1	1
foetal heart rate deceleration abnormality	PT_07821	1	1	1
foetal heart rate disorder	PT_07823	1	1	1
foetal tachyarrhythmia	PT_07845	1	1	1
foetal vascular malperfusion	PT_07847	1	0	0
gastrocardiac syndrome	PT_08216	1	1	1
giant cell myocarditis	PT_08469	1	1	1
global longitudinal strain abnormal	PT_08526	1	1	0
glycogen storage disease type ii	PT_08603	1	1	1
gravitational oedema	PT_08695	1	1	1
grey syndrome neonatal	PT_08700	1	1	1
haemodynamic test abnormal	PT_08795	1	0	0
haemoptysis	PT_08839	1	1	1
haemorrhage coronary artery	PT_08841	1	1	1
heart alternation	PT_08964	1	1	1
heart failure with midrange ejection fraction	PT_08968	1	1	1
heart failure with preserved ejection fraction	PT_08969	1	1	1
heart failure with reduced ejection fraction	PT_08970	1	1	1
heart rate abnormal	PT_08972	1	1	0
heart rate decreased	PT_08973	1	1	0
heart rate increased	PT_08974	1	1	0
heart rate irregular	PT_08975	1	1	0
heart rate variability decreased	PT_08977	1	1	0
heart rate variability increased	PT_08978	1	1	0
heart sounds abnormal	PT_08980	1	1	0
heart-type fatty acid-binding protein increased	PT_08991	1	1	0
hoigne's syndrome	PT_09470	1	0	0
holt-oram syndrome	PT_09476	1	1	1
homans' sign positive	PT_09480	1	0	0
hyperadrenocorticism	PT_09611	1	0	0
hyperdynamic left ventricle	PT_09648	1	1	1
hyperkinetic heart syndrome	PT_09681	1	1	1
hypersensitivity myocarditis	PT_09727	1	1	1
hypertension	PT_09736	1	0	0
hypertension neonatal	PT_09737	1	0	0
hypertensive angiopathy	PT_09738	1	0	0
hypertensive cardiomegaly	PT_09739	1	1	1
hypertensive cardiomyopathy	PT_09740	1	1	1
hypertensive cerebrovascular disease	PT_09741	1	0	0
hypertensive crisis	PT_09742	1	0	0
hypertensive emergency	PT_09743	1	0	0
hypertensive encephalopathy	PT_09744	1	0	0
hypertensive end-organ damage	PT_09745	1	0	0
hypertensive heart disease	PT_09746	1	1	1
hypertensive urgency	PT_09749	1	0	0
hypertrophic cardiomyopathy	PT_09763	1	1	1
hypervolaemia	PT_09780	1	1	1
hypoperfusion	PT_09853	1	0	0
hypotension	PT_09891	1	0	0
hypotensive crisis	PT_09893	1	0	0
hypotensive transfusion reaction	PT_09894	1	0	0
hypothenar hammer syndrome	PT_09899	1	0	0
hypovolaemic shock	PT_09919	1	0	0
ictal bradycardia syndrome	PT_09942	1	1	1
iliac artery embolism	PT_09993	1	0	0
iliac artery rupture	PT_09996	1	0	0
inappropriate sinus tachycardia	PT_10201	1	1	1
increased ventricular afterload	PT_10272	1	1	0
increased ventricular preload	PT_10273	1	1	0
inferior vena cava stenosis	PT_10359	1	0	0
inferior vena cava syndrome	PT_10360	1	0	0
inferior vena caval occlusion	PT_10361	1	0	0
international normalised ratio abnormal	PT_10717	1	1	0
international normalised ratio decreased	PT_10718	1	1	0
international normalised ratio fluctuation	PT_10719	1	1	0
international normalised ratio increased	PT_10720	1	1	0
interventricular septum rupture	PT_10730	1	1	1
intracardiac mass	PT_10823	1	0	0
intracardiac pressure increased	PT_10824	1	1	0
intrapericardial thrombosis	PT_10867	1	0	0
ischaemic cardiomyopathy	PT_10956	1	1	1
ischaemic contracture of the left ventricle	PT_10959	1	1	1
jugular vein distension	PT_11068	1	0	0
jugular vein embolism	PT_11069	1	0	0
jugular vein thrombosis	PT_11072	1	0	0
junctional ectopic tachycardia	PT_11073	1	1	1
kearns-sayre syndrome	PT_11095	1	1	1
kounis syndrome	PT_11176	1	1	1
kyphoscoliotic heart disease	PT_11181	1	1	1
labile blood pressure	PT_11193	1	0	0
labile hypertension	PT_11194	1	0	0
larsen syndrome	PT_11294	1	1	1
left atrial dilatation	PT_11400	1	1	1
left atrial enlargement	PT_11401	1	1	1
left atrial hypertrophy	PT_11402	1	1	1
left atrial volume abnormal	PT_11403	1	1	0
left atrial volume decreased	PT_11404	1	1	0
left atrial volume increased	PT_11405	1	1	0
left ventricular diastolic collapse	PT_11407	1	1	1
left ventricular dilatation	PT_11408	1	1	1
left ventricular dysfunction	PT_11409	1	1	1
left ventricular end-diastolic pressure decreased	PT_11411	1	1	0
left ventricular end-diastolic pressure increased	PT_11412	1	1	0
left ventricular enlargement	PT_11413	1	1	1
left ventricular failure	PT_11414	1	1	1
left ventricular heave	PT_11416	1	1	1
left ventricular hypertrophy	PT_11417	1	1	1
left-to-right cardiac shunt	PT_11419	1	1	1
lemierre syndrome	PT_11430	1	0	0
leriche syndrome	PT_11458	1	0	0
liddle's syndrome	PT_11529	1	0	0
long qt syndrome	PT_11711	1	1	1
low cardiac output syndrome	PT_11736	1	1	1
lown-ganong-levine syndrome	PT_11760	1	1	1
malignant hypertension	PT_12073	1	0	0
malignant hypertensive heart disease	PT_12074	1	1	1
malignant renal hypertension	PT_12131	1	0	0
marshall-white syndrome	PT_12207	1	1	1
maternal hypertension affecting foetus	PT_12249	1	0	0
mean arterial pressure decreased	PT_12279	1	0	0
mean arterial pressure increased	PT_12280	1	0	0
mean platelet volume abnormal	PT_12295	1	0	0
mean platelet volume decreased	PT_12296	1	0	0
mean platelet volume increased	PT_12297	1	0	0
mesenteric traction syndrome	PT_12574	1	0	0
metastatic pulmonary embolism	PT_12696	1	0	0
microvascular coronary artery disease	PT_12752	1	0	0
multiple gated acquisition scan abnormal	PT_13023	1	1	0
myocardial bridging	PT_13191	1	1	1
myocardial calcification	PT_13192	1	1	1
myocardial depression	PT_13193	1	1	1
myocardial fibrosis	PT_13194	1	1	1
myocardial haemorrhage	PT_13195	1	1	1
myocardial hypoperfusion	PT_13196	1	1	1
myocardial hypoxia	PT_13197	1	1	1
myocardial infarction	PT_13198	1	1	1
myocardial injury	PT_13199	1	1	1
myocardial ischaemia	PT_13200	1	1	1
myocardial necrosis	PT_13201	1	1	1
myocardial necrosis marker decreased	PT_13203	1	1	0
myocardial necrosis marker increased	PT_13204	1	1	0
myocardial oedema	PT_13206	1	1	1
myocardial reperfusion injury	PT_13207	1	1	1
myocardial rupture	PT_13208	1	1	1
myocardial strain imaging abnormal	PT_13210	1	1	0
myocardial stunning	PT_13211	1	1	1
myocarditis	PT_13212	1	1	1
myoglobinaemia	PT_13234	1	1	1
myoglobinuria	PT_13235	1	1	1
myopericarditis	PT_13243	1	1	1
negative cardiac inotropic effect	PT_13450	1	1	1
neonatal bradyarrhythmia	PT_13470	1	1	1
neonatal cardiac failure	PT_13472	1	1	1
neonatal hypotension	PT_13491	1	0	0
neonatal pulmonary hypertension	PT_13506	1	0	0
neonatal sinus bradycardia	PT_13515	1	1	1
neonatal sinus tachycardia	PT_13516	1	1	1
neonatal tachyarrhythmia	PT_13517	1	1	1
neonatal tachycardia	PT_13518	1	1	1
neurogenic hypertension	PT_13628	1	0	0
newborn persistent pulmonary hypertension	PT_13728	1	0	0
nocturnal hypertension	PT_13774	1	0	0
nodal arrhythmia	PT_13775	1	1	1
nodal rhythm	PT_13781	1	1	1
non-compaction cardiomyopathy	PT_13793	1	1	1
non-obstructive cardiomyopathy	PT_13820	1	1	1
nonreassuring foetal heart rate pattern	PT_13853	1	1	1
obesity cardiomyopathy	PT_13902	1	1	1
obstetrical pulmonary embolism	PT_13913	1	0	0
obstructive shock	PT_13921	1	0	0
ocular ischaemic syndrome	PT_13961	1	0	0
oculocardiac reflex	PT_13980	1	1	1
ophthalmic artery occlusion	PT_14184	1	0	0
ophthalmic artery thrombosis	PT_14185	1	0	0
ophthalmic vascular thrombosis	PT_14191	1	0	0
ophthalmic vein thrombosis	PT_14192	1	0	0
orthostatic hypertension	PT_14376	1	0	0
orthostatic hypotension	PT_14377	1	0	0
orthostatic intolerance	PT_14378	1	0	0
ortner's syndrome	PT_14381	1	1	1
ovarian vein thrombosis	PT_14541	1	0	0
paget-schroetter syndrome	PT_14591	1	0	0
palpitations	PT_14633	1	1	1
papillary muscle disorder	PT_14739	1	1	1
papillary muscle haemorrhage	PT_14740	1	1	1
papillary muscle infarction	PT_14741	1	1	1
papillary muscle rupture	PT_14742	1	1	1
parasystole	PT_14854	1	1	1
paroxysmal arrhythmia	PT_14904	1	1	1
paroxysmal atrioventricular block	PT_14905	1	1	1
paroxysmal autonomic instability with dystonia	PT_14906	1	0	0
pedal pulse abnormal	PT_14976	1	1	0
pedal pulse decreased	PT_14977	1	1	0
pedal pulse increased	PT_14978	1	1	0
pelvic venous thrombosis	PT_15019	1	0	0
penile vein thrombosis	PT_15067	1	0	0
pericardial calcification	PT_15111	1	1	1
pericardial disease	PT_15114	1	1	1
pericardial effusion	PT_15116	1	1	1
pericardial effusion malignant	PT_15117	1	1	1
pericardial fibrosis	PT_15119	1	1	1
pericardial haemorrhage	PT_15120	1	1	1
pericardial injury	PT_15121	1	1	1
pericardial lipoma	PT_15122	1	1	1
pericarditis	PT_15129	1	1	1
pericarditis adhesive	PT_15130	1	1	1
pericarditis constrictive	PT_15131	1	1	1
pericarditis malignant	PT_15136	1	1	1
pericarditis uraemic	PT_15141	1	1	1
peripartum cardiomyopathy	PT_15204	1	1	1
peripheral artery thrombosis	PT_15218	1	0	0
peripheral circulatory failure	PT_15221	1	0	0
peripheral embolism	PT_15223	1	0	0
peripheral pulse decreased	PT_15246	1	1	0
peripheral vascular disorder	PT_15259	1	0	0
peripheral vein thrombosis	PT_15263	1	0	0
peripheral vein thrombus extension	PT_15264	1	0	0
pharyngeal necrosis	PT_15423	1	0	0
plasmin increased	PT_15620	1	0	0
plasmin inhibitor decreased	PT_15622	1	0	0
plasminogen activator inhibitor decreased	PT_15623	1	0	0
plasminogen activator inhibitor increased	PT_15624	1	0	0
plasminogen decreased	PT_15627	1	0	0
plasminogen increased	PT_15628	1	0	0
platelet adhesiveness abnormal	PT_15638	1	0	0
platelet adhesiveness decreased	PT_15639	1	0	0
platelet adhesiveness increased	PT_15640	1	0	0
platelet aggregation abnormal	PT_15641	1	0	0
platelet aggregation decreased	PT_15642	1	0	0
platelet aggregation increased	PT_15643	1	0	0
platelet count abnormal	PT_15649	1	0	0
platelet count decreased	PT_15650	1	0	0
platelet count increased	PT_15651	1	0	0
platelet distribution width abnormal	PT_15655	1	0	0
platelet distribution width decreased	PT_15656	1	0	0
platelet distribution width increased	PT_15657	1	0	0
platelet factor 4 increased	PT_15661	1	0	0
platelet function test abnormal	PT_15663	1	0	0
platelet morphology abnormal	PT_15667	1	0	0
platelet-large cell ratio decreased	PT_15675	1	0	0
platelet-large cell ratio increased	PT_15676	1	0	0
plateletcrit abnormal	PT_15677	1	0	0
plateletcrit decreased	PT_15678	1	0	0
plateletcrit increased	PT_15679	1	0	0
pleuropericarditis	PT_15722	1	1	1
pneumopericardium	PT_15784	1	1	1
popliteal pulse abnormal	PT_15877	1	1	0
popliteal pulse decreased	PT_15878	1	1	0
popliteal pulse increased	PT_15879	1	1	0
portopulmonary hypertension	PT_15917	1	0	0
positive cardiac inotropic effect	PT_15921	1	1	1
post cardiac arrest syndrome	PT_15938	1	1	1
post procedural cardiac valve avulsion	PT_15952	1	1	1
post procedural myocardial infarction	PT_15974	1	1	1
postinfarction angina	PT_16032	1	1	1
postpericardiotomy syndrome	PT_16070	1	1	1
prehypertension	PT_16140	1	0	0
prekallikrein increased	PT_16142	1	0	0
prinzmetal angina	PT_16227	1	1	1
prosthetic cardiac valve thrombosis	PT_16493	1	0	0
prosthetic valve endocarditis	PT_16495	1	1	1
protein c decreased	PT_16506	1	0	0
protein c increased	PT_16508	1	0	0
protein s abnormal	PT_16515	1	0	0
protein s decreased	PT_16516	1	0	0
protein s increased	PT_16518	1	0	0
prothrombin consumption time prolonged	PT_16532	1	0	0
prothrombin consumption time shortened	PT_16533	1	0	0
prothrombin level abnormal	PT_16536	1	0	0
prothrombin level decreased	PT_16537	1	0	0
prothrombin level increased	PT_16538	1	0	0
prothrombin time abnormal	PT_16540	1	0	0
prothrombin time prolonged	PT_16541	1	0	0
prothrombin time ratio abnormal	PT_16543	1	0	0
prothrombin time ratio decreased	PT_16544	1	0	0
prothrombin time ratio increased	PT_16545	1	0	0
pulmonary arterial hypertension	PT_16699	1	0	0
pulmonary arterial pressure abnormal	PT_16701	1	0	0
pulmonary arterial pressure decreased	PT_16702	1	0	0
pulmonary arterial pressure increased	PT_16703	1	0	0
pulmonary arterial wedge pressure abnormal	PT_16705	1	0	0
pulmonary arterial wedge pressure decreased	PT_16706	1	0	0
pulmonary arterial wedge pressure increased	PT_16707	1	0	0
pulmonary artery occlusion	PT_16717	1	0	0
pulmonary artery stenosis	PT_16718	1	0	0
pulmonary artery thrombosis	PT_16722	1	0	0
pulmonary artery wall hypertrophy	PT_16723	1	1	1
pulmonary congestion	PT_16731	1	0	0
pulmonary embolism	PT_16735	1	0	0
pulmonary hypertension	PT_16754	1	0	0
pulmonary hypertensive crisis	PT_16755	1	0	0
pulmonary infarction	PT_16759	1	0	0
pulmonary microemboli	PT_16764	1	0	0
pulmonary oedema	PT_16769	1	0	0
pulmonary oedema neonatal	PT_16770	1	0	0
pulmonary oil microembolism	PT_16772	1	0	0
pulmonary thrombosis	PT_16789	1	0	0
pulmonary tumour thrombotic microangiopathy	PT_16795	1	0	0
pulmonary vein occlusion	PT_16807	1	0	0
pulmonary vein stenosis	PT_16808	1	0	0
pulmonary veno-occlusive disease	PT_16809	1	0	0
pulmonary venous hypertension	PT_16810	1	0	0
pulmonary venous thrombosis	PT_16811	1	0	0
pulse abnormal	PT_16814	1	1	0
pulse absent	PT_16815	1	1	0
pulse pressure abnormal	PT_16816	1	1	0
pulse pressure decreased	PT_16817	1	1	0
pulse pressure increased	PT_16818	1	1	0
pulse volume decreased	PT_16819	1	1	0
pulse waveform abnormal	PT_16821	1	1	0
pulseless electrical activity	PT_16822	1	1	1
qrs axis abnormal	PT_16925	1	1	0
radial pulse abnormal	PT_16944	1	1	0
radial pulse decreased	PT_16945	1	1	0
radial pulse increased	PT_16946	1	1	0
radiation cardiac injury	PT_16951	1	1	1
radiation myocarditis	PT_16969	1	1	1
radiation pericarditis	PT_16977	1	1	1
reactive capillary endothelial proliferation	PT_17081	1	0	0
rebound tachycardia	PT_17094	1	1	1
reperfusion arrhythmia	PT_17380	1	1	1
respiratory sinus arrhythmia magnitude abnormal	PT_17426	1	1	0
restrictive cardiomyopathy	PT_17465	1	1	1
rhabdomyoma	PT_17620	1	1	1
rhythm idioventricular	PT_17673	1	1	1
right atrial dilatation	PT_17686	1	1	1
right atrial enlargement	PT_17687	1	1	1
right atrial hypertrophy	PT_17688	1	1	1
right atrial pressure increased	PT_17689	1	1	0
right atrial volume abnormal	PT_17690	1	1	0
right atrial volume decreased	PT_17691	1	1	0
right atrial volume increased	PT_17692	1	1	0
right ventricular diastolic collapse	PT_17695	1	1	1
right ventricular dilatation	PT_17696	1	1	1
right ventricular dysfunction	PT_17697	1	1	1
right ventricular ejection fraction decreased	PT_17698	1	1	0
right ventricular enlargement	PT_17699	1	1	1
right ventricular failure	PT_17700	1	1	1
right ventricular heave	PT_17702	1	1	1
right ventricular hypertension	PT_17703	1	1	1
right ventricular hypertrophy	PT_17704	1	1	1
right ventricular systolic pressure decreased	PT_17706	1	1	0
right ventricular systolic pressure increased	PT_17707	1	1	0
right-to-left cardiac shunt	PT_17709	1	0	0
russell's viper venom time abnormal	PT_17750	1	0	0
scan myocardial perfusion abnormal	PT_17861	1	1	0
secondary hypertension	PT_17991	1	0	0
septic cardiomyopathy	PT_18088	1	1	1
septic endocarditis	PT_18093	1	1	1
shoshin beriberi	PT_18192	1	1	1
silent myocardial infarction	PT_18233	1	1	1
sinoatrial block	PT_18249	1	1	1
sinus arrest	PT_18255	1	1	1
sinus arrhythmia	PT_18256	1	1	1
sinus bradycardia	PT_18258	1	1	1
sinus node dysfunction	PT_18263	1	1	1
sinus tachycardia	PT_18270	1	1	1
sinusoidal foetal heart rate pattern	PT_18276	1	1	1
soluble fibrin monomer complex increased	PT_18508	1	0	0
spermatic vein thrombosis	PT_18556	1	0	0
spinal artery embolism	PT_18578	1	0	0
spinal artery thrombosis	PT_18579	1	0	0
splenic artery stenosis	PT_18676	1	0	0
stress cardiomyopathy	PT_18949	1	1	1
stress echocardiogram abnormal	PT_18951	1	1	0
stroke volume decreased	PT_18964	1	1	0
stroke volume increased	PT_18965	1	1	0
subacute endocarditis	PT_18977	1	1	1
subclavian artery embolism	PT_18996	1	0	0
subclavian artery thrombosis	PT_19000	1	0	0
subclavian coronary steal syndrome	PT_19001	1	1	1
subclavian steal syndrome	PT_19002	1	0	0
subclavian vein embolism	PT_19003	1	0	0
subclavian vein thrombosis	PT_19007	1	0	0
subendocardial haemorrhage	PT_19026	1	1	1
subendocardial ischaemia	PT_19027	1	1	1
sudden cardiac death	PT_19053	1	1	1
sudden death	PT_19054	1	1	1
superficial vein thrombosis	PT_19083	1	0	0
superior vena cava occlusion	PT_19098	1	0	0
superior vena cava stenosis	PT_19100	1	0	0
superior vena cava syndrome	PT_19101	1	0	0
supine hypertension	PT_19108	1	0	0
supra-aortic trunk sclerosis	PT_19113	1	0	0
supra-aortic trunk stenosis	PT_19114	1	0	0
supraventricular bradycardia	PT_19121	1	1	1
supraventricular extrasystoles	PT_19122	1	1	1
supraventricular tachyarrhythmia	PT_19123	1	1	1
supraventricular tachycardia	PT_19124	1	1	1
systolic dysfunction	PT_19238	1	1	1
systolic hypertension	PT_19239	1	0	0
tachyarrhythmia	PT_19257	1	1	1
tachycardia	PT_19258	1	1	1
tachycardia foetal	PT_19259	1	1	1
tachycardia paroxysmal	PT_19260	1	1	1
temporal pulse increased	PT_19299	1	1	0
thrombin time abnormal	PT_19513	1	0	0
thrombin time prolonged	PT_19514	1	0	0
thrombin time shortened	PT_19515	1	0	0
thrombin-antithrombin iii complex abnormal	PT_19516	1	0	0
thrombin-antithrombin iii complex decreased	PT_19517	1	0	0
thrombin-antithrombin iii complex increased	PT_19518	1	0	0
thrombopoietin level abnormal	PT_19532	1	0	0
thrombosis corpora cavernosa	PT_19535	1	0	0
thyrotoxic cardiomyopathy	PT_19616	1	1	1
tilt table test positive	PT_19645	1	0	0
torsade de pointes	PT_19786	1	1	1
toxic cardiomyopathy	PT_19806	1	1	1
transvalvular pressure gradient abnormal	PT_19970	1	0	0
transvalvular pressure gradient decreased	PT_19971	1	0	0
transvalvular pressure gradient increased	PT_19972	1	0	0
tricuspid valve thrombosis	PT_20057	1	0	0
trifascicular block	PT_20058	1	1	1
troponin abnormal	PT_20098	1	0	0
troponin c increased	PT_20099	1	1	0
troponin decreased	PT_20100	1	1	0
troponin i abnormal	PT_20102	1	1	0
troponin i decreased	PT_20103	1	1	0
troponin i increased	PT_20104	1	1	0
troponin increased	PT_20105	1	1	0
troponin t increased	PT_20108	1	1	0
tyramine reaction	PT_20221	1	0	0
umbilical cord occlusion	PT_20285	1	0	0
umbilical cord thrombosis	PT_20288	1	0	0
univentricular heart	PT_20328	1	1	1
urethral necrosis	PT_20433	1	0	0
vascular resistance pulmonary	PT_21010	1	0	0
vascular resistance pulmonary decreased	PT_21011	1	0	0
vascular resistance pulmonary increased	PT_21012	1	0	0
vascular resistance systemic	PT_21013	1	0	0
vascular resistance systemic decreased	PT_21014	1	0	0
vascular resistance systemic increased	PT_21015	1	0	0
vascular shunt	PT_21018	1	0	0
vascular test abnormal	PT_21027	1	0	0
vasoplegia syndrome	PT_21045	1	0	0
vein wall hypertrophy	PT_21059	1	0	0
vena cava embolism	PT_21062	1	0	0
vena cava thrombosis	PT_21066	1	0	0
venous hypertension	PT_21081	1	0	0
venous pressure abnormal	PT_21095	1	0	0
venous pressure decreased	PT_21096	1	0	0
venous pressure increased	PT_21097	1	0	0
venous pressure jugular abnormal	PT_21099	1	0	0
venous pressure jugular decreased	PT_21100	1	0	0
venous pressure jugular increased	PT_21101	1	0	0
venous thrombosis limb	PT_21110	1	0	0
ventricle rupture	PT_21117	1	1	1
ventricular arrhythmia	PT_21118	1	1	1
ventricular asystole	PT_21120	1	1	1
ventricular compliance decreased	PT_21122	1	1	1
ventricular dysfunction	PT_21124	1	1	1
ventricular dyskinesia	PT_21125	1	1	1
ventricular dyssynchrony	PT_21126	1	1	1
ventricular enlargement	PT_21127	1	1	1
ventricular extrasystoles	PT_21128	1	1	1
ventricular failure	PT_21129	1	1	1
ventricular fibrillation	PT_21130	1	1	1
ventricular flutter	PT_21131	1	1	1
ventricular hyperkinesia	PT_21132	1	1	1
ventricular hypertrophy	PT_21133	1	1	1
ventricular hypokinesia	PT_21134	1	1	1
ventricular internal diameter abnormal	PT_21137	1	1	0
ventricular parasystole	PT_21139	1	1	1
ventricular pre-excitation	PT_21140	1	1	1
ventricular remodelling	PT_21141	1	1	1
ventricular tachyarrhythmia	PT_21145	1	1	1
ventricular tachycardia	PT_21146	1	1	1
von willebrand's factor activity abnormal	PT_21434	1	0	0
von willebrand's factor activity decreased	PT_21435	1	0	0
von willebrand's factor activity increased	PT_21436	1	0	0
waterhouse-friderichsen syndrome	PT_21521	1	0	0
wellens' syndrome	PT_21546	1	1	1
withdrawal arrhythmia	PT_21585	1	1	1
wolff-parkinson-white syndrome	PT_21594	1	1	1
